id,kickoff,round,homeTeamId,awayTeamId,venueClubId,status,homeScore,awayScore
sl-r19-fcn-sje,2026-02-08T14:00:00+01:00,Superliga - Spillerunde 19,fcn,sje,fcn,scheduled,,
sl-r19-sif-vff,2026-02-08T14:00:00+01:00,Superliga - Spillerunde 19,sif,vff,sif,scheduled,,
sl-r19-fcm-fck,2026-02-08T16:00:00+01:00,Superliga - Spillerunde 19,fcm,fck,fcm,scheduled,,
sl-r19-bif-ran,2026-02-08T18:00:00+01:00,Superliga - Spillerunde 19,bif,ran,bif,scheduled,,
sl-r19-vb-fcf,2026-02-09T19:00:00+01:00,Superliga - Spillerunde 19,vb,fcf,vb,scheduled,,
sl-r19-agf-ob,2026-02-09T21:00:00+01:00,Superliga - Spillerunde 19,agf,ob,agf,scheduled,,
sl-r20-ran-vb,2026-02-13T19:00:00+01:00,Superliga - Spillerunde 20,ran,vb,ran,scheduled,,
sl-r20-fck-fcn,2026-02-14T17:00:00+01:00,Superliga - Spillerunde 20,fck,fcn,fck,scheduled,,
sl-r20-fcf-agf,2026-02-15T14:00:00+01:00,Superliga - Spillerunde 20,fcf,agf,fcf,scheduled,,
sl-r20-ob-fcm,2026-02-15T16:00:00+01:00,Superliga - Spillerunde 20,ob,fcm,ob,scheduled,,
sl-r20-vff-bif,2026-02-15T18:00:00+01:00,Superliga - Spillerunde 20,vff,bif,vff,scheduled,,
sl-r20-sje-sif,2026-02-16T19:00:00+01:00,Superliga - Spillerunde 20,sje,sif,sje,scheduled,,
sl-r21-fcn-vb,2026-02-20T19:00:00+01:00,Superliga - Spillerunde 21,fcn,vb,fcn,scheduled,,
sl-r21-ob-fck,2026-02-21T14:00:00+01:00,Superliga - Spillerunde 21,ob,fck,ob,scheduled,,
sl-r21-ran-fcf,2026-02-22T14:00:00+01:00,Superliga - Spillerunde 21,ran,fcf,ran,scheduled,,
sl-r21-sif-fcm,2026-02-22T16:00:00+01:00,Superliga - Spillerunde 21,sif,fcm,sif,scheduled,,
sl-r21-agf-vff,2026-02-22T18:00:00+01:00,Superliga - Spillerunde 21,agf,vff,agf,scheduled,,
sl-r21-bif-sje,2026-02-23T19:00:00+01:00,Superliga - Spillerunde 21,bif,sje,bif,scheduled,,
sl-r22-fck-ran,2026-03-01T17:00:00+01:00,Superliga - Spillerunde 22,fck,ran,fck,scheduled,,
sl-r22-fcf-sif,2026-03-01T17:00:00+01:00,Superliga - Spillerunde 22,fcf,sif,fcf,scheduled,,
sl-r22-fcm-bif,2026-03-01T17:00:00+01:00,Superliga - Spillerunde 22,fcm,bif,fcm,scheduled,,
sl-r22-vb-agf,2026-03-01T17:00:00+01:00,Superliga - Spillerunde 22,vb,agf,vb,scheduled,,
sl-r22-sje-ob,2026-03-01T17:00:00+01:00,Superliga - Spillerunde 22,sje,ob,sje,scheduled,,
sl-r22-vff-fcn,2026-03-01T17:00:00+01:00,Superliga - Spillerunde 22,vff,fcn,vff,scheduled,,
sl-r23-fcf-fck,2026-03-13T19:00:00+01:00,Superliga - Spillerunde 23,fcf,fck,fcf,scheduled,,
sl-r23-ob-fcm,2026-03-15T14:00:00+01:00,Superliga - Spillerunde 23,ob,fcm,ob,scheduled,,
sl-r23-fcm-fcn,2026-03-15T14:00:00+01:00,Superliga - Spillerunde 23,fcm,fcn,fcm,scheduled,,
sl-r23-sje-agf,2026-03-15T16:00:00+01:00,Superliga - Spillerunde 23,sje,agf,sje,scheduled,,
sl-r23-bif-vff,2026-03-15T18:00:00+01:00,Superliga - Spillerunde 23,bif,vff,bif,scheduled,,
sl-r23-sif-vb,2026-03-16T19:00:00+01:00,Superliga - Spillerunde 23,sif,vb,sif,scheduled,,
sl-r24-vb-ob,2026-03-20T19:00:00+01:00,Superliga - Spillerunde 24,vb,ob,vb,scheduled,,
sl-r24-ran-sif,2026-03-22T14:00:00+01:00,Superliga - Spillerunde 24,ran,sif,ran,scheduled,,
sl-r24-fcn-sje,2026-03-22T14:00:00+01:00,Superliga - Spillerunde 24,fcn,sje,fcn,scheduled,,
sl-r24-fck-fcf,2026-03-22T16:00:00+01:00,Superliga - Spillerunde 24,fck,fcf,fck,scheduled,,
sl-r24-agf-bif,2026-03-22T18:00:00+01:00,Superliga - Spillerunde 24,agf,bif,agf,scheduled,,
sl-r24-vff-fcm,2026-03-22T20:00:00+01:00,Superliga - Spillerunde 24,vff,fcm,vff,scheduled,,
sl-r25-fcm-sje,2026-04-04T18:00:00+02:00,Superliga - Spillerunde 25,fcm,sje,fcm,scheduled,,
sl-r25-fck-sif,2026-04-05T18:00:00+02:00,Superliga - Spillerunde 25,fck,sif,fck,scheduled,,
sl-r25-vb-ran,2026-04-06T14:00:00+02:00,Superliga - Spillerunde 25,vb,ran,vb,scheduled,,
sl-r25-ob-fcf,2026-04-06T16:00:00+02:00,Superliga - Spillerunde 25,ob,fcf,ob,scheduled,,
sl-r25-vff-agf,2026-04-06T18:00:00+02:00,Superliga - Spillerunde 25,vff,agf,vff,scheduled,,
sl-r25-fcn-bif,2026-04-07T19:00:00+02:00,Superliga - Spillerunde 25,fcn,bif,fcn,scheduled,,
sl-r26-agf-fcn,2026-04-10T19:00:00+02:00,Superliga - Spillerunde 26,agf,fcn,agf,scheduled,,
sl-r26-sif-ob,2026-04-12T14:00:00+02:00,Superliga - Spillerunde 26,sif,ob,sif,scheduled,,
sl-r26-sje-vff,2026-04-12T14:00:00+02:00,Superliga - Spillerunde 26,sje,vff,sje,scheduled,,
sl-r26-bif-fcm,2026-04-12T16:00:00+02:00,Superliga - Spillerunde 26,bif,fcm,bif,scheduled,,
sl-r26-ran-fck,2026-04-12T18:00:00+02:00,Superliga - Spillerunde 26,ran,fck,ran,scheduled,,
sl-r26-fcf-vb,2026-04-13T19:00:00+02:00,Superliga - Spillerunde 26,fcf,vb,fcf,scheduled,,
sl-r27-bif-sje,2026-04-17T19:00:00+02:00,Superliga - Spillerunde 27,bif,sje,bif,scheduled,,
sl-r27-ob-ran,2026-04-19T14:00:00+02:00,Superliga - Spillerunde 27,ob,ran,ob,scheduled,,
sl-r27-sif-fcf,2026-04-19T14:00:00+02:00,Superliga - Spillerunde 27,sif,fcf,sif,scheduled,,
sl-r27-fcn-vff,2026-04-19T16:00:00+02:00,Superliga - Spillerunde 27,fcn,vff,fcn,scheduled,,
sl-r27-vb-fck,2026-04-19T18:00:00+02:00,Superliga - Spillerunde 27,vb,fck,vb,scheduled,,
sl-r27-fcm-agf,2026-04-20T19:00:00+02:00,Superliga - Spillerunde 27,fcm,agf,fcm,scheduled,,
sl-r28-fck-ob,2026-04-22T18:00:00+02:00,Superliga - Spillerunde 28,fck,ob,fck,scheduled,,
sl-r28-vb-sif,2026-04-22T18:00:00+02:00,Superliga - Spillerunde 28,vb,sif,vb,scheduled,,
sl-r28-vff-bif,2026-04-22T20:00:00+02:00,Superliga - Spillerunde 28,vff,bif,vff,scheduled,,
sl-r28-ran-fcf,2026-04-23T18:00:00+02:00,Superliga - Spillerunde 28,ran,fcf,ran,scheduled,,
sl-r28-fcn-agf,2026-04-23T18:00:00+02:00,Superliga - Spillerunde 28,fcn,agf,fcn,scheduled,,
sl-r28-sje-fcm,2026-04-23T20:00:00+02:00,Superliga - Spillerunde 28,sje,fcm,sje,scheduled,,
sl-r29-fcf-ob,2026-04-26T14:00:00+02:00,Superliga - Spillerunde 29,fcf,ob,fcf,scheduled,,
sl-r29-sif-ran,2026-04-26T14:00:00+02:00,Superliga - Spillerunde 29,sif,ran,sif,scheduled,,
sl-r29-sje-bif,2026-04-26T16:00:00+02:00,Superliga - Spillerunde 29,sje,bif,sje,scheduled,,
sl-r29-vff-fcn,2026-04-26T18:00:00+02:00,Superliga - Spillerunde 29,vff,fcn,vff,scheduled,,
sl-r29-agf-fcm,2026-04-26T20:00:00+02:00,Superliga - Spillerunde 29,agf,fcm,agf,scheduled,,
sl-r29-fck-vb,2026-04-27T19:00:00+02:00,Superliga - Spillerunde 29,fck,vb,fck,scheduled,,
sl-r30-bif-fcn,2026-05-01T19:00:00+02:00,Superliga - Spillerunde 30,bif,fcn,bif,scheduled,,
sl-r30-ran-vb,2026-05-03T14:00:00+02:00,Superliga - Spillerunde 30,ran,vb,ran,scheduled,,
sl-r30-ob-sif,2026-05-03T14:00:00+02:00,Superliga - Spillerunde 30,ob,sif,ob,scheduled,,
sl-r30-fcf-fck,2026-05-03T16:00:00+02:00,Superliga - Spillerunde 30,fcf,fck,fcf,scheduled,,
sl-r30-agf-sje,2026-05-03T18:00:00+02:00,Superliga - Spillerunde 30,agf,sje,agf,scheduled,,
sl-r30-fcm-vff,2026-05-04T19:00:00+02:00,Superliga - Spillerunde 30,fcm,vff,fcm,scheduled,,
sl-r31-sif-fck,2026-05-10T16:00:00+02:00,Superliga - Spillerunde 31,sif,fck,sif,scheduled,,
sl-r31-vb-fcf,2026-05-10T16:00:00+02:00,Superliga - Spillerunde 31,vb,fcf,vb,scheduled,,
sl-r31-ran-ob,2026-05-10T16:00:00+02:00,Superliga - Spillerunde 31,ran,ob,ran,scheduled,,
sl-r31-bif-agf,2026-05-10T16:00:00+02:00,Superliga - Spillerunde 31,bif,agf,bif,scheduled,,
sl-r31-fcn-fcm,2026-05-10T16:00:00+02:00,Superliga - Spillerunde 31,fcn,fcm,fcn,scheduled,,
sl-r31-vff-sje,2026-05-10T16:00:00+02:00,Superliga - Spillerunde 31,vff,sje,vff,scheduled,,
sl-r32-fcf-sif,2026-05-17T16:00:00+02:00,Superliga - Spillerunde 32,fcf,sif,fcf,scheduled,,
sl-r32-ob-vb,2026-05-17T16:00:00+02:00,Superliga - Spillerunde 32,ob,vb,ob,scheduled,,
sl-r32-fck-ran,2026-05-17T16:00:00+02:00,Superliga - Spillerunde 32,fck,ran,fck,scheduled,,
sl-r32-agf-vff,2026-05-17T16:00:00+02:00,Superliga - Spillerunde 32,agf,vff,agf,scheduled,,
sl-r32-fcm-bif,2026-05-17T16:00:00+02:00,Superliga - Spillerunde 32,fcm,bif,fcm,scheduled,,
sl-r32-sje-fcn,2026-05-17T16:00:00+02:00,Superliga - Spillerunde 32,sje,fcn,sje,scheduled,,
1d-r19-hob-hbk,2026-02-27T18:00:00+01:00,1. division - Spillerunde 19,hob,hbk,hob,scheduled,,
1d-r19-b93-hvi,2026-02-27T19:00:00+01:00,1. division - Spillerunde 19,b93,hvi,b93,scheduled,,
1d-r19-lyn-kol,2026-02-27T19:00:00+01:00,1. division - Spillerunde 19,lyn,kol,lyn,scheduled,,
1d-r19-aab-hil,2026-02-27T19:00:00+01:00,1. division - Spillerunde 19,aab,hil,aab,scheduled,,
1d-r19-efb-ach,2026-02-28T13:00:00+01:00,1. division - Spillerunde 19,efb,ach,efb,scheduled,,
1d-r19-aaf-mid,2026-02-28T14:00:00+01:00,1. division - Spillerunde 19,aaf,mid,aaf,scheduled,,
1d-r20-hbk-efb,2026-03-06T18:30:00+01:00,1. division - Spillerunde 20,hbk,efb,hbk,scheduled,,
1d-r20-kol-hob,2026-03-06T19:00:00+01:00,1. division - Spillerunde 20,kol,hob,kol,scheduled,,
1d-r20-aab-aaf,2026-03-06T19:00:00+01:00,1. division - Spillerunde 20,aab,aaf,aab,scheduled,,
1d-r20-hil-b93,2026-03-07T14:00:00+01:00,1. division - Spillerunde 20,hil,b93,hil,scheduled,,
1d-r20-mid-hvi,2026-03-07T14:00:00+01:00,1. division - Spillerunde 20,mid,hvi,mid,scheduled,,
1d-r20-ach-lyn,2026-03-09T19:00:00+01:00,1. division - Spillerunde 20,ach,lyn,ach,scheduled,,
1d-r21-b93-hbk,2026-03-13T19:00:00+01:00,1. division - Spillerunde 21,b93,hbk,b93,scheduled,,
1d-r21-lyn-mid,2026-03-13T19:00:00+01:00,1. division - Spillerunde 21,lyn,mid,lyn,scheduled,,
1d-r21-hob-aab,2026-03-14T13:00:00+01:00,1. division - Spillerunde 21,hob,aab,hob,scheduled,,
1d-r21-aaf-ach,2026-03-14T14:00:00+01:00,1. division - Spillerunde 21,aaf,ach,aaf,scheduled,,
1d-r21-efb-hil,2026-03-15T14:00:00+01:00,1. division - Spillerunde 21,efb,hil,efb,scheduled,,
1d-r21-hvi-kol,2026-03-15T16:00:00+01:00,1. division - Spillerunde 21,hvi,kol,hvi,scheduled,,
1d-r22-ach-hvi,2026-03-21T13:00:00+01:00,1. division - Spillerunde 22,ach,hvi,ach,scheduled,,
1d-r22-hil-aaf,2026-03-21T13:00:00+01:00,1. division - Spillerunde 22,hil,aaf,hil,scheduled,,
1d-r22-mid-hob,2026-03-21T13:00:00+01:00,1. division - Spillerunde 22,mid,hob,mid,scheduled,,
1d-r22-kol-b93,2026-03-21T13:00:00+01:00,1. division - Spillerunde 22,kol,b93,kol,scheduled,,
1d-r22-hbk-lyn,2026-03-21T13:00:00+01:00,1. division - Spillerunde 22,hbk,lyn,hbk,scheduled,,
1d-r22-aab-efb,2026-03-21T13:00:00+01:00,1. division - Spillerunde 22,aab,efb,aab,scheduled,,
1d-r23-kol-efb,2026-04-03T13:00:00+02:00,1. division - Spillerunde 23,kol,efb,kol,scheduled,,
1d-r23-b93-hob,2026-04-03T14:00:00+02:00,1. division - Spillerunde 23,b93,hob,b93,scheduled,,
1d-r23-hvi-hil,2026-04-03T15:30:00+02:00,1. division - Spillerunde 23,hvi,hil,hvi,scheduled,,
1d-r23-mid-aab,2026-04-04T14:00:00+02:00,1. division - Spillerunde 23,mid,aab,mid,scheduled,,
1d-r23-ach-lyn,2026-04-04T15:00:00+02:00,1. division - Spillerunde 23,ach,lyn,ach,scheduled,,
1d-r23-hbk-aaf,2026-04-06T15:00:00+02:00,1. division - Spillerunde 23,hbk,aaf,hbk,scheduled,,
1d-r24-hob-aab,2026-04-10T18:00:00+02:00,1. division - Spillerunde 24,hob,aab,hob,scheduled,,
1d-r24-hbk-mid,2026-04-10T18:30:00+02:00,1. division - Spillerunde 24,hbk,mid,hbk,scheduled,,
1d-r24-efb-hvi,2026-04-10T19:00:00+02:00,1. division - Spillerunde 24,efb,hvi,efb,scheduled,,
1d-r24-hil-ach,2026-04-11T12:30:00+02:00,1. division - Spillerunde 24,hil,ach,hil,scheduled,,
1d-r24-aaf-b93,2026-04-11T14:00:00+02:00,1. division - Spillerunde 24,aaf,b93,aaf,scheduled,,
1d-r24-lyn-kol,2026-04-11T14:30:00+02:00,1. division - Spillerunde 24,lyn,kol,lyn,scheduled,,
1d-r25-efb-hil,2026-04-17T18:30:00+02:00,1. division - Spillerunde 25,efb,hil,efb,scheduled,,
1d-r25-b93-hbk,2026-04-17T19:00:00+02:00,1. division - Spillerunde 25,b93,hbk,b93,scheduled,,
1d-r25-kol-ach,2026-04-17T19:00:00+02:00,1. division - Spillerunde 25,kol,ach,kol,scheduled,,
1d-r25-lyn-hvi,2026-04-18T13:00:00+02:00,1. division - Spillerunde 25,lyn,hvi,lyn,scheduled,,
1d-r25-mid-hob,2026-04-18T14:00:00+02:00,1. division - Spillerunde 25,mid,hob,mid,scheduled,,
1d-r25-aab-aaf,2026-04-18T18:30:00+02:00,1. division - Spillerunde 25,aab,aaf,aab,scheduled,,
1d-r26-ach-efb,2026-04-21T18:00:00+02:00,1. division - Spillerunde 26,ach,efb,ach,scheduled,,
1d-r26-hvi-kol,2026-04-21T19:00:00+02:00,1. division - Spillerunde 26,hvi,kol,hvi,scheduled,,
1d-r26-hil-lyn,2026-04-21T20:00:00+02:00,1. division - Spillerunde 26,hil,lyn,hil,scheduled,,
1d-r26-aaf-mid,2026-04-22T18:00:00+02:00,1. division - Spillerunde 26,aaf,mid,aaf,scheduled,,
1d-r26-hob-hbk,2026-04-22T18:00:00+02:00,1. division - Spillerunde 26,hob,hbk,hob,scheduled,,
1d-r26-aab-b93,2026-04-23T19:00:00+02:00,1. division - Spillerunde 26,aab,b93,aab,scheduled,,
1d-r27-lyn-efb,2026-04-24T19:00:00+02:00,1. division - Spillerunde 27,lyn,efb,lyn,scheduled,,
1d-r27-hvi-ach,2026-04-25T13:00:00+02:00,1. division - Spillerunde 27,hvi,ach,hvi,scheduled,,
1d-r27-hil-kol,2026-04-25T14:00:00+02:00,1. division - Spillerunde 27,hil,kol,hil,scheduled,,
1d-r27-b93-mid,2026-04-26T12:00:00+02:00,1. division - Spillerunde 27,b93,mid,b93,scheduled,,
1d-r27-aaf-hob,2026-04-26T14:00:00+02:00,1. division - Spillerunde 27,aaf,hob,aaf,scheduled,,
1d-r27-hbk-aab,2026-04-26T16:00:00+02:00,1. division - Spillerunde 27,hbk,aab,hbk,scheduled,,
1d-r28-mid-aaf,2026-05-03T00:00:00+02:00,1. division - Spillerunde 28,mid,aaf,mid,scheduled,,
1d-r28-kol-hvi,2026-05-03T00:00:00+02:00,1. division - Spillerunde 28,kol,hvi,kol,scheduled,,
1d-r28-hbk-b93,2026-05-03T00:00:00+02:00,1. division - Spillerunde 28,hbk,b93,hbk,scheduled,,
1d-r28-lyn-hil,2026-05-03T00:00:00+02:00,1. division - Spillerunde 28,lyn,hil,lyn,scheduled,,
1d-r28-efb-ach,2026-05-03T00:00:00+02:00,1. division - Spillerunde 28,efb,ach,efb,scheduled,,
1d-r28-aab-hob,2026-05-03T00:00:00+02:00,1. division - Spillerunde 28,aab,hob,aab,scheduled,,
1d-r29-hvi-lyn,2026-05-10T00:00:00+02:00,1. division - Spillerunde 29,hvi,lyn,hvi,scheduled,,
1d-r29-efb-kol,2026-05-10T00:00:00+02:00,1. division - Spillerunde 29,efb,kol,efb,scheduled,,
1d-r29-aab-mid,2026-05-10T00:00:00+02:00,1. division - Spillerunde 29,aab,mid,aab,scheduled,,
1d-r29-ach-hil,2026-05-10T00:00:00+02:00,1. division - Spillerunde 29,ach,hil,ach,scheduled,,
1d-r29-aaf-hbk,2026-05-10T00:00:00+02:00,1. division - Spillerunde 29,aaf,hbk,aaf,scheduled,,
1d-r29-hob-b93,2026-05-10T00:00:00+02:00,1. division - Spillerunde 29,hob,b93,hob,scheduled,,
1d-r30-hob-aaf,2026-05-17T00:00:00+02:00,1. division - Spillerunde 30,hob,aaf,hob,scheduled,,
1d-r30-hil-efb,2026-05-17T00:00:00+02:00,1. division - Spillerunde 30,hil,efb,hil,scheduled,,
1d-r30-kol-lyn,2026-05-17T00:00:00+02:00,1. division - Spillerunde 30,kol,lyn,kol,scheduled,,
1d-r30-b93-aab,2026-05-17T00:00:00+02:00,1. division - Spillerunde 30,b93,aab,b93,scheduled,,
1d-r30-ach-hvi,2026-05-17T00:00:00+02:00,1. division - Spillerunde 30,ach,hvi,ach,scheduled,,
1d-r30-mid-hbk,2026-05-17T00:00:00+02:00,1. division - Spillerunde 30,mid,hbk,mid,scheduled,,
1d-r31-mid-b93,2026-05-25T00:00:00+02:00,1. division - Spillerunde 31,mid,b93,mid,scheduled,,
1d-r31-aaf-aab,2026-05-25T00:00:00+02:00,1. division - Spillerunde 31,aaf,aab,aaf,scheduled,,
1d-r31-hvi-efb,2026-05-25T00:00:00+02:00,1. division - Spillerunde 31,hvi,efb,hvi,scheduled,,
1d-r31-lyn-ach,2026-05-25T00:00:00+02:00,1. division - Spillerunde 31,lyn,ach,lyn,scheduled,,
1d-r31-hbk-hob,2026-05-25T00:00:00+02:00,1. division - Spillerunde 31,hbk,hob,hbk,scheduled,,
1d-r31-kol-hil,2026-05-25T00:00:00+02:00,1. division - Spillerunde 31,kol,hil,kol,scheduled,,
1d-r32-b93-aaf,2026-05-30T15:00:00+02:00,1. division - Spillerunde 32,b93,aaf,b93,scheduled,,
1d-r32-hob-mid,2026-05-30T15:00:00+02:00,1. division - Spillerunde 32,hob,mid,hob,scheduled,,
1d-r32-aab-hbk,2026-05-30T15:00:00+02:00,1. division - Spillerunde 32,aab,hbk,aab,scheduled,,
1d-r32-ach-kol,2026-05-31T15:00:00+02:00,1. division - Spillerunde 32,ach,kol,ach,scheduled,,
1d-r32-efb-lyn,2026-05-31T15:00:00+02:00,1. division - Spillerunde 32,efb,lyn,efb,scheduled,,
1d-r32-hil-hvi,2026-05-31T15:00:00+02:00,1. division - Spillerunde 32,hil,hvi,hil,scheduled,,
2d-r17-faa-nas,2026-03-06T19:00:00+01:00,2. division - Spillerunde 17,faa,nas,faa,scheduled,,
2d-r17-ski-hel,2026-03-06T19:00:00+01:00,2. division - Spillerunde 17,ski,hel,ski,scheduled,,
2d-r17-ros-ish,2026-03-06T19:00:00+01:00,2. division - Spillerunde 17,ros,ish,ros,scheduled,,
2d-r17-vsk-thi,2026-03-07T13:30:00+01:00,2. division - Spillerunde 17,vsk,thi,vsk,scheduled,,
2d-r17-ab-hik,2026-03-07T14:00:00+01:00,2. division - Spillerunde 17,ab,hik,ab,scheduled,,
2d-r17-ven-bra,2026-03-07T14:00:00+01:00,2. division - Spillerunde 17,ven,bra,ven,scheduled,,
2d-r18-hik-ros,2026-03-13T19:00:00+01:00,2. division - Spillerunde 18,hik,ros,hik,scheduled,,
2d-r18-ish-faa,2026-03-14T13:00:00+01:00,2. division - Spillerunde 18,ish,faa,ish,scheduled,,
2d-r18-bra-ski,2026-03-14T14:00:00+01:00,2. division - Spillerunde 18,bra,ski,bra,scheduled,,
2d-r18-hel-vsk,2026-03-15T13:00:00+01:00,2. division - Spillerunde 18,hel,vsk,hel,scheduled,,
2d-r18-nas-ven,2026-03-15T13:00:00+01:00,2. division - Spillerunde 18,nas,ven,nas,scheduled,,
2d-r18-thi-ab,2026-03-15T15:00:00+01:00,2. division - Spillerunde 18,thi,ab,thi,scheduled,,
2d-r19-ros-hel,2026-03-20T19:00:00+01:00,2. division - Spillerunde 19,ros,hel,ros,scheduled,,
2d-r19-ven-thi,2026-03-20T19:00:00+01:00,2. division - Spillerunde 19,ven,thi,ven,scheduled,,
2d-r19-ski-nas,2026-03-21T14:00:00+01:00,2. division - Spillerunde 19,ski,nas,ski,scheduled,,
2d-r19-faa-bra,2026-03-21T14:00:00+01:00,2. division - Spillerunde 19,faa,bra,faa,scheduled,,
2d-r19-vsk-hik,2026-03-21T14:00:00+01:00,2. division - Spillerunde 19,vsk,hik,vsk,scheduled,,
2d-r19-ab-ish,2026-03-21T18:00:00+01:00,2. division - Spillerunde 19,ab,ish,ab,scheduled,,
2d-r20-ab-ros,2026-03-27T19:00:00+01:00,2. division - Spillerunde 20,ab,ros,ab,scheduled,,
2d-r20-hik-faa,2026-03-27T19:00:00+01:00,2. division - Spillerunde 20,hik,faa,hik,scheduled,,
2d-r20-thi-ski,2026-03-27T19:00:00+01:00,2. division - Spillerunde 20,thi,ski,thi,scheduled,,
2d-r20-hel-ven,2026-03-27T19:00:00+01:00,2. division - Spillerunde 20,hel,ven,hel,scheduled,,
2d-r20-ish-vsk,2026-03-28T13:00:00+01:00,2. division - Spillerunde 20,ish,vsk,ish,scheduled,,
2d-r20-nas-bra,2026-03-29T13:00:00+02:00,2. division - Spillerunde 20,nas,bra,nas,scheduled,,
2d-r21-hik-ish,2026-04-01T19:00:00+02:00,2. division - Spillerunde 21,hik,ish,hik,scheduled,,
2d-r21-faa-thi,2026-04-01T19:00:00+02:00,2. division - Spillerunde 21,faa,thi,faa,scheduled,,
2d-r21-vsk-ven,2026-04-02T13:30:00+02:00,2. division - Spillerunde 21,vsk,ven,vsk,scheduled,,
2d-r21-ski-ab,2026-04-02T14:00:00+02:00,2. division - Spillerunde 21,ski,ab,ski,scheduled,,
2d-r21-ros-nas,2026-04-02T14:00:00+02:00,2. division - Spillerunde 21,ros,nas,ros,scheduled,,
2d-r21-bra-hel,2026-04-02T14:00:00+02:00,2. division - Spillerunde 21,bra,hel,bra,scheduled,,
2d-r22-nas-hik,2026-04-06T14:00:00+02:00,2. division - Spillerunde 22,nas,hik,nas,scheduled,,
2d-r22-ab-vsk,2026-04-06T14:00:00+02:00,2. division - Spillerunde 22,ab,vsk,ab,scheduled,,
2d-r22-ven-ros,2026-04-06T14:00:00+02:00,2. division - Spillerunde 22,ven,ros,ven,scheduled,,
2d-r22-thi-bra,2026-04-06T14:00:00+02:00,2. division - Spillerunde 22,thi,bra,thi,scheduled,,
2d-r22-ish-ski,2026-04-06T14:00:00+02:00,2. division - Spillerunde 22,ish,ski,ish,scheduled,,
2d-r22-hel-faa,2026-04-06T14:00:00+02:00,2. division - Spillerunde 22,hel,faa,hel,scheduled,,
3d-r17-odd-vej,2026-03-07T13:00:00+01:00,3. division - Spillerunde 17,odd,vej,odd,scheduled,,
3d-r17-hør-van,2026-03-07T13:00:00+01:00,3. division - Spillerunde 17,hør,van,hør,scheduled,,
3d-r17-hol-næs,2026-03-07T13:00:00+01:00,3. division - Spillerunde 17,hol,næs,hol,scheduled,,
3d-r17-brø-sun,2026-03-07T14:00:00+01:00,3. division - Spillerunde 17,brø,sun,brø,scheduled,,
3d-r17-fa2-lys,2026-03-07T14:00:00+01:00,3. division - Spillerunde 17,fa2,lys,fa2,scheduled,,
3d-r17-fre-nyk,2026-03-07T14:00:00+01:00,3. division - Spillerunde 17,fre,nyk,fre,scheduled,,
3d-r18-lys-hol,2026-03-14T13:30:00+01:00,3. division - Spillerunde 18,lys,hol,lys,scheduled,,
3d-r18-næs-odd,2026-03-14T14:00:00+01:00,3. division - Spillerunde 18,næs,odd,næs,scheduled,,
3d-r18-van-vej,2026-03-14T14:00:00+01:00,3. division - Spillerunde 18,van,vej,van,scheduled,,
3d-r18-sun-hør,2026-03-14T14:00:00+01:00,3. division - Spillerunde 18,sun,hør,sun,scheduled,,
3d-r18-brø-fre,2026-03-14T14:00:00+01:00,3. division - Spillerunde 18,brø,fre,brø,scheduled,,
3d-r18-nyk-fa2,2026-03-14T15:00:00+01:00,3. division - Spillerunde 18,nyk,fa2,nyk,scheduled,,
3d-r19-vej-næs,2026-03-21T13:00:00+01:00,3. division - Spillerunde 19,vej,næs,vej,scheduled,,
3d-r19-odd-nyk,2026-03-21T13:00:00+01:00,3. division - Spillerunde 19,odd,nyk,odd,scheduled,,
3d-r19-hør-lys,2026-03-21T13:00:00+01:00,3. division - Spillerunde 19,hør,lys,hør,scheduled,,
3d-r19-hol-sun,2026-03-21T13:00:00+01:00,3. division - Spillerunde 19,hol,sun,hol,scheduled,,
3d-r19-fre-van,2026-03-21T14:00:00+01:00,3. division - Spillerunde 19,fre,van,fre,scheduled,,
3d-r19-fa2-brø,2026-03-21T14:00:00+01:00,3. division - Spillerunde 19,fa2,brø,fa2,scheduled,,
3d-r20-lys-fre,2026-03-28T13:30:00+01:00,3. division - Spillerunde 20,lys,fre,lys,scheduled,,
3d-r20-sun-vej,2026-03-28T14:00:00+01:00,3. division - Spillerunde 20,sun,vej,sun,scheduled,,
3d-r20-næs-hør,2026-03-28T14:00:00+01:00,3. division - Spillerunde 20,næs,hør,næs,scheduled,,
3d-r20-fa2-hol,2026-03-28T14:00:00+01:00,3. division - Spillerunde 20,fa2,hol,fa2,scheduled,,
3d-r20-brø-odd,2026-03-28T14:00:00+01:00,3. division - Spillerunde 20,brø,odd,brø,scheduled,,
3d-r20-nyk-van,2026-03-28T15:00:00+01:00,3. division - Spillerunde 20,nyk,van,nyk,scheduled,,
3d-r21-hør-brø,2026-04-01T18:30:00+02:00,3. division - Spillerunde 21,hør,brø,hør,scheduled,,
3d-r21-hol-nyk,2026-04-02T13:00:00+02:00,3. division - Spillerunde 21,hol,nyk,hol,scheduled,,
3d-r21-vej-lys,2026-04-02T13:00:00+02:00,3. division - Spillerunde 21,vej,lys,vej,scheduled,,
3d-r21-fre-fa2,2026-04-02T14:00:00+02:00,3. division - Spillerunde 21,fre,fa2,fre,scheduled,,
3d-r21-odd-sun,2026-04-02T14:00:00+02:00,3. division - Spillerunde 21,odd,sun,odd,scheduled,,
3d-r21-van-næs,2026-04-02T14:00:00+02:00,3. division - Spillerunde 21,van,næs,van,scheduled,,
3d-r22-nyk-vej,2026-04-06T14:00:00+02:00,3. division - Spillerunde 22,nyk,vej,nyk,scheduled,,
3d-r22-lys-odd,2026-04-06T14:00:00+02:00,3. division - Spillerunde 22,lys,odd,lys,scheduled,,
3d-r22-fa2-hør,2026-04-06T14:00:00+02:00,3. division - Spillerunde 22,fa2,hør,fa2,scheduled,,
3d-r22-brø-hol,2026-04-06T14:00:00+02:00,3. division - Spillerunde 22,brø,hol,brø,scheduled,,
3d-r22-sun-van,2026-04-06T14:00:00+02:00,3. division - Spillerunde 22,sun,van,sun,scheduled,,
3d-r22-næs-fre,2026-04-06T14:00:00+02:00,3. division - Spillerunde 22,næs,fre,næs,scheduled,,
